"id","question_text","role","creator_type","user_id","created_at"
"4c1113c6-63be-442f-8237-d4f169df27db","코루틴에 대해 설명해주세요.","android","admin","",16/04/25 09:30:38.186415000
"246536d9-9774-4f44-b432-75c1ecf88955","Activity가 가로/세로로 전환되거나 메모리 부족 등으로 종료되었을 때 데이터를 유지하는 방법은?","android","admin","",16/04/25 09:30:38.186415000
"7770f07a-f11e-4a59-a55f-737f3c1609c6","라이브러리와 프레임워크의 차이에 대해 설명해주세요.","android","admin","",16/04/25 09:30:38.186415000
"f211dd2c-f2b2-4583-8cd5-d2e400ff1575","MVP Presenter와 MVVM ViewModel의 차이는 무엇인가요?","android","admin","",16/04/25 09:30:38.186415000
"de5973aa-4494-4633-af62-e92eeb8a70cf","MVC, MVP, MVVM, MVI 각각을 비교해주세요.","android","admin","",16/04/25 09:30:38.186415000
"dd2bfd4e-92a4-4106-806d-fe81350c56f0","Repository 패턴이란 무엇이고 장점은 무엇인가요?","android","admin","",16/04/25 09:30:38.186415000
"a1ab16de-a9d0-4a97-b3a9-2a43b58109a8","Intent에 대해 설명해주세요.","android","admin","",16/04/25 09:30:38.186415000
"9413efd1-77d8-4f4c-9f21-d4b30ebe3173","Intent를 통해 데이터 전달하는 과정에서 클래스 객체를 바로 전달할 수 있나요? 전달하기 위해서는 어떤 처리가 필요한가요?","android","admin","",16/04/25 09:30:38.186415000
"5a1bd396-cb23-421b-84e5-00068c9f9c2e","Activity 간 데이터 전달을 위해 Intent를 사용하는 이유가 무엇인가요?","android","admin","",16/04/25 09:30:38.186415000
"925c372c-e483-4600-b5ec-594b427203fc","xml에서 view가 그려지는 과정에 대해 설명해주세요.","android","admin","",16/04/25 09:30:38.186415000
"055a84c1-9ed8-4bf2-861b-93fe9db65537","List, Set, Map에 대해 설명해주세요.","android","admin","",16/04/25 09:30:38.186415000
"739a128b-08c6-40fb-beb5-8771e84ef387","HashMap과 HashSet은 어떨 때 사용하나요?","android","admin","",16/04/25 09:30:38.186415000
"34a731d1-ec37-4184-9db0-92f240be3c84","오버로딩과 오버라이딩에 대해 설명해주세요.","android","admin","",16/04/25 09:30:38.186415000
"2a610f8d-f002-4842-966e-b236f17c8c2a","ConstraintLayout은 왜 사용하나요?","android","admin","",16/04/25 09:30:38.186415000
"36b08cdb-d94a-4043-823f-5c5aa1a453da","WorkManager가 무엇인지 소개해주실 수 있나요?","android","admin","",16/04/25 09:30:38.186415000
"af456877-02fe-4b86-8202-1f5833cce15d","Thread, Looper, Handler에 대해 설명해주세요.","android","admin","",16/04/25 09:30:38.186415000
"b0f22734-f55d-446a-90ec-b9f2081c6b1e","메인 스레드만 UI를 접근 가능한 이유에 대해 설명해주세요.","android","admin","",16/04/25 09:30:38.186415000
"4420e6ef-df2e-4d22-a98c-9e6441918614","Message과 Runnable에 대해 설명해보세요.","android","admin","",16/04/25 09:30:38.186415000
"085e64a6-418d-43f4-a26d-7bd16931926d","브라우저 렌더링 과정을 설명해주세요.","fe","admin","",16/04/25 09:30:38.186415000
"1861d64a-4e42-409a-ab41-7fc3fab11624","브라우저는 어떻게 동작 하나요?","fe","admin","",16/04/25 09:30:38.186415000
"0aeff839-2c38-4c11-850f-7c9adf6e2ba7","Webpack, Babel, Polyfill에 대해 설명해주세요.","fe","admin","",16/04/25 09:30:38.186415000
"910a63e7-0be2-45e9-a0f5-ce57a55a0d07","ESLint와 Prettier에 대해 설명해주세요.","fe","admin","",16/04/25 09:30:38.186415000
"f2e1d7ab-8ff5-414b-b5fd-8f041271147e","SPA와 MPA에 대해 설명해주세요.","fe","admin","",16/04/25 09:30:38.186415000
"7d84b1ea-908a-4e24-ac06-cecc088b4073","CSR과 SSR의 차이는 무엇인가요?","fe","admin","",16/04/25 09:30:38.186415000
"07b05ec7-db8f-4311-b155-a3bda54b7692","CORS와 해결 경험을 말씀해주세요.","fe","admin","",16/04/25 09:30:38.186415000
"81b17715-a50c-40ee-9b93-1d432ffadb6d","bundle의 사이즈를 줄이려면 어떻게 해야 하나요?","fe","admin","",16/04/25 09:30:38.186415000
"b74fbd4f-d2b2-4ecd-a0af-e8de7bfbc25f","쿠키, 세션, 웹스토리지의 차이에 대해 설명해주세요.","fe","admin","",16/04/25 09:30:38.186415000
"fe09eb7e-4465-485a-8203-0b22c7bfe8f1","브라우저에서 탭 이동 혹은 탭 종료 시에는 세션 스토리지에 어떤 영향을 끼치나요?","fe","admin","",16/04/25 09:30:38.186415000
"078fc230-693b-4c80-91b6-cead879d7c31","로그인 처리를 할 때 쿠키와 세션을 어떻게 사용하시나요?","fe","admin","",16/04/25 09:30:38.186415000
"5b3b4182-a2cf-4778-a9b2-cbe8531848e5","토큰 기반 인증 방식에 대해 설명해주세요.","fe","admin","",16/04/25 09:30:38.186415000
"d40fecd3-6c1a-4ddd-8980-8b1b9aaf256c","JWT 토큰을 쿠키에 저장했을 때 취약점에 대해 설명해주세요.","fe","admin","",16/04/25 09:30:38.186415000
"9f5df4e1-c479-42de-98be-d12ca8d1db9b","크로스 브라우징에 대해 설명해주세요.","fe","admin","",16/04/25 09:30:38.186415000
"8495f2a7-ff9a-45ed-9212-611e8f4ea6c2","크로스 브라우징 이슈를 해결했던 경험을 말씀해주세요.","fe","admin","",16/04/25 09:30:38.186415000
"812acc70-5256-4d14-a421-e480e8942045","웹사이트 성능 최적화에는 어떤 방법이 있나요?","fe","admin","",16/04/25 09:30:38.186415000
"81841dab-3135-4bd3-9d5d-8e30f59fab1f","객체 지향 프로그래밍이란 무엇인가요?","fe","admin","",16/04/25 09:30:38.186415000
"8f7e3ec7-9066-456a-bb63-1a94856d10c0","객체 지향 프로그래밍의 특징에 대해 말씀해주세요.","fe","admin","",16/04/25 09:30:38.186415000
"d7240d70-c064-45b9-827f-76bb4bef3bc8","객체 지향 프로그래밍의 장단점에 대해 말씀해주세요.","fe","admin","",16/04/25 09:30:38.186415000
"a1f5a876-c986-46d2-8b8a-d03a9467ef78","REST API에 대해 설명해주세요.","fe","admin","",16/04/25 09:30:38.186415000
"93763d28-3923-40a8-badb-2bce06abd653","Git Flow에 대해 설명해주세요.","fe","admin","",16/04/25 09:30:38.186415000
"54338f01-2847-411c-8fdc-1aaf92a9c2c2","SEO에 대해 설명해주세요.","fe","admin","",16/04/25 09:30:38.186415000
"f7569dc3-efac-46a9-be54-0f320a197745","BOM과 DOM에 대해 설명해주세요.","fe","admin","",16/04/25 09:30:38.186415000
"d88676c8-f364-43a1-82e4-a240a4cd945b","리플로우와 리페인트에 대해 설명해주세요.","fe","admin","",16/04/25 09:30:38.186415000
"b6e5b5ee-c607-492a-904e-958b95e1e0c8","리플로우와 리페인트의 발생 조건에 대해 설명해주세요.","fe","admin","",16/04/25 09:30:38.186415000
"1861e021-920c-4352-af5b-409d06852df6","visibility 속성은 리플로우를 발생시킬까요?","fe","admin","",16/04/25 09:30:38.186415000
"21257fec-9fff-4cd4-b4df-c059874ee46a","Agile에 대해 설명해주세요.","fe","admin","",16/04/25 09:30:38.186415000
"eab93766-5ae8-4626-8a19-643adb58004b","dependencies 와 devDependencies 차이에 대해 설명해주세요.","fe","admin","",16/04/25 09:30:38.186415000
"de22fe04-a295-423e-9d0e-242f77eeaed5","XSS와 CSRF에 대해 설명해주세요.","fe","admin","",16/04/25 09:30:38.186415000
"ba6c33f2-1495-4dee-a7f9-f324b23bbce7","인증과 인가에 대해 설명해주세요.","fe","admin","",16/04/25 09:30:38.186415000
"bd692644-1b77-4ad9-aa05-22b656859501","package.json에서 private에 대해 설명해주세요.","fe","admin","",16/04/25 09:30:38.186415000
"0378d73c-2d29-4a9d-be7d-ebca3cefcc1a","프로젝트를 npm에 배포하려면 어떤 설정이 필요할까나요?","fe","admin","",16/04/25 09:30:38.186415000
"5e07fe7d-38a6-4004-aa9b-75d06dc0d9b6","SEO는 어떤 식으로 신경쓰셨나요?","fe","admin","",16/04/25 09:30:38.186415000
"8a41804e-931d-4cad-a1b1-72c53813a97b","어플리케이션의 성능은 어떤식으로 측정하셨나요?","fe","admin","",16/04/25 09:30:38.186415000
"cc5f2a2a-05a7-45f7-a833-51ffbe6ed2c1","LightHouse 결과가 좋지 않을 때, 프로젝트에서 병목 현상은 어떻게 해결할 수 있을까요?","fe","admin","",16/04/25 09:30:38.186415000
"f886d121-aa8d-4844-8758-124d79e24571","주소창에 주소를 입력했을 때의 흐름을 설명해주세요.","fe","admin","",16/04/25 09:30:38.186415000
"4dee2516-e334-4d22-bc5b-7b65308d078b","React의 원리, 특징, 장단점이 무엇인가요?","fe","admin","",16/04/25 09:30:38.186415000
"c9132d3f-e8e6-4294-9c2d-43586ca06507","ㅇㅇㅇㅇㅇㅇㅇㅇㅇㅇㅇㅇㅇㅇㅇㅇㅇㅇㅇㅇㅇㅇㅇㅇㅇ2","user","user","103049613312462342972",16/04/25 09:31:29.639752000
"6cf56944-1969-4d48-bee1-421ff0b7ef17","ㅇㅇㅇㅇㅇㅇㅇㅇㅇㅇㅇㅇㅇㅇㅇㅇㅇㅇㅇㅇㅇㅇㅇㅇㅇ3","user","user","103049613312462342972",16/04/25 09:31:29.639752000
"75c25294-7c79-4b8b-9e5b-624ff9f70d2a","ㅈㅈㅈㅈㅈㅈㅈㅈㅈㅈㅈㅈㅈㅈㅈㅈㅈㅈㅈㅈㅈㅈㅈㅈㅈㅈㅈㅈㅈ3","user","user","104839411969251028003",16/04/25 09:31:29.639752000
"9e4cec22-869f-45ea-950a-3330cd4bf8af","hshshshsuauauauahahagagayg","user","user","104980115870020159349",16/04/25 09:31:29.639752000
"16d9003d-cac1-4720-9c04-3b695ca9baec","2222222222222222","user","user","117120305480514663322",16/04/25 12:48:50.810737000
"27b4ee3c-1f6f-40b7-956c-019cdaca9d44","22222222222222","user","user","117120305480514663322",16/04/25 12:48:50.888772000
"2db7f542-e925-4b0b-a3a5-e30a622d8011","2222222222","user","user","117120305480514663322",16/04/25 12:48:50.927947000
"8b94be59-e9a8-4acf-bd58-f33a4ae267d9","222222222222","user","user","117120305480514663322",16/04/25 12:48:51.002654000
"5756c169-bca5-407d-bc48-e16706fd119c","ㅈㄹㅇㅈㄹㄹㄹㄹㄹㄹㄹㄹㄹㄹㄹㄹㄹㄹㄹㄹㄹㄹ","user","user","104839411969251028003",16/04/25 09:31:29.639752000
"223e1570-4de9-4713-9062-b7f34ea61ad1","px, em, rem의 차이에 대해 설명해주세요.","fe","admin","",16/04/25 09:30:38.186415000
"3b1bccb0-1f7a-4785-b2d9-a5fbf93c6e6d","CSS로 반응형 웹을 구현할 때는 주로 어떤 단위를 사용하시나요?","fe","admin","",16/04/25 09:30:38.186415000
"a75a38c3-f09b-404b-a6cb-a0c1d5007f9e","vw, vh에 대해 설명해주세요.","fe","admin","",16/04/25 09:30:38.186415000
"39b542c8-8045-43ec-b4ce-f7a2d8b26389","CSS 선택자의 우선순위에 대해 설명해주세요.","fe","admin","",16/04/25 09:30:38.186415000
"2fe86256-c782-489c-84cc-de484d301717","페이지 크기가 변해도 항상 같은 비율을 유지하는 요소를 만들려면 CSS를 어떻게 설정해야될까요?","fe","admin","",16/04/25 09:30:38.186415000
"c3e4a299-5a52-4a27-808c-2929227623ca","Flexbox에 대해 설명해주세요.","fe","admin","",16/04/25 09:30:38.186415000
"b674be4b-7b28-4425-81f4-792bb6aced6e","float의 동작에 대해 설명해주세요.","fe","admin","",16/04/25 09:30:38.186415000
"45e21ce4-9509-449b-ba96-97dc25bb2812","CSS에서 Cascading에 대해 설명해주세요.","fe","admin","",16/04/25 09:30:38.186415000
"83bb1b7c-95e6-47a5-bd35-69b52f880441","SCSS에 대해 설명해주세요.","fe","admin","",16/04/25 09:30:38.186415000
"29d71aa8-8898-4825-8be9-1f8f1522e903","position 속성에 대해 설명해주세요.","fe","admin","",16/04/25 09:30:38.186415000
"b312d19b-3053-4874-9d5e-d18efd0b859d","margin과 padding에 대해 설명해주세요.","fe","admin","",16/04/25 09:30:38.186415000
"388385a0-8bb6-4ff6-9f7a-bdca159408c6","HTML 렌더링 도중 JavaScript가 실행되면 렌더링이 멈추는 이유가 뭔가요?","fe","admin","",16/04/25 09:30:38.186415000
"3d82b901-ad98-4dd2-bc37-7078bf62c6fd","Attribute와 Property의 차이에 대해 설명해주세요.","fe","admin","",16/04/25 09:30:38.186415000
"26f02d24-b27c-475f-a413-3076800d4d40","display 속성에 어떤 것들이 있는지 설명해 주세요.","fe","admin","",16/04/25 09:30:38.186415000
"165e0071-5dbe-430e-ae2d-bfb1ec3d6a96","CSS 애니메이션과 JS 애니메이션의 차이에 대해서 설명해 주세요.","fe","admin","",16/04/25 09:30:38.186415000
"90fe8465-fd33-496d-959a-9b641bdb2cb5","CSS in JS의 장단점에 대해 설명해주세요.","fe","admin","",16/04/25 09:30:38.186415000
"771e8a20-197d-4612-b303-ffcd33e91669","시맨틱 마크업에 대해 설명해주세요.","fe","admin","",16/04/25 09:30:38.186415000
"01bf1c75-8247-4044-8ef8-b44c129e5bf6","HTML5의 태그에 대해 설명해주세요.","fe","admin","",16/04/25 09:30:38.186415000
"bdff08ec-aefc-4b46-8c86-617d7aedefa7","script 태그에서 Async와 Defer의 차이에 대해 설명해주세요.","fe","admin","",16/04/25 09:30:38.186415000
"fd505c76-587f-4796-9ca0-10400a71359d","가상 클래스에 대해 설명해주세요.","fe","admin","",16/04/25 09:30:38.186415000
"070857e0-0154-43e2-a915-28ae7f3b2fa9","margin 병합에 대해 설명해주세요.","fe","admin","",16/04/25 09:30:38.186415000
"9c74d0ca-58da-4c64-9d11-93541bb186cb","자바스크립트는 무슨 언어인가요?","fe","admin","",16/04/25 09:30:38.186415000
"482ff98b-b605-4848-825b-7d5e3c889aae","변수 선언, 초기화, 할당의 차이점에 대해 설명해주세요.","fe","admin","",16/04/25 09:30:38.186415000
"d521edcf-7097-4dc0-bf9f-94ff6286952b","데이터 타입에 대해 설명해주세요.","fe","admin","",16/04/25 09:30:38.186415000
"6bc8763b-cfaa-419b-baed-1e37738c179c","생성자에 대해 설명해주세요.","fe","admin","",16/04/25 09:30:38.186415000
"c2edaa41-c550-4b9a-98bb-c970241cc981","this에 대해 설명해주세요.","fe","admin","",16/04/25 09:30:38.186415000
"4dd41571-b737-46e4-a143-8802ce2c48cb","call, apply, bind에 대해 설명해주세요.","fe","admin","",16/04/25 09:30:38.186415000
"e1b3f552-3486-4228-a6b0-f994451f588c","콜백 함수에 대해 설명해주세요.","fe","admin","",16/04/25 09:30:38.186415000
"84e3c880-7446-41df-af47-cc6512ee2eec","콜백 지옥을 해결하는 방법을 설명해주세요.","fe","admin","",16/04/25 09:30:38.186415000
"9c7ffacc-0181-4b39-9e1c-be6ba26f6c7c","Promise에 대해 설명해주세요.","fe","admin","",16/04/25 09:30:38.186415000
"6b41208d-47ba-4a84-8dbc-82aa649e5e92","Promise.all() 에 대해 설명해주세요.","fe","admin","",16/04/25 09:30:38.186415000
"482e3de9-aaa1-434b-bd8b-f32210d0c900","Promise와 Callback를 비교 설명해주세요.","fe","admin","",16/04/25 09:30:38.186415000
"19682315-c5c6-43d4-be23-80aaa3f58cfd","Async, Await이 뭔지 그리고 사용 방법을 설명해주세요.","fe","admin","",16/04/25 09:30:38.186415000
"a504d87c-6a74-4837-8422-ca0938835a46","Promise와 Async, Await의 차이를 설명해주세요.","fe","admin","",16/04/25 09:30:38.186415000
"de578c6c-045a-41c3-a29e-894acbea3ff7","AJAX에 대해 설명해주세요.","fe","admin","",16/04/25 09:30:38.186415000
"6e6f6839-b2d0-4140-9185-e0b079c98583","var, let, const 차이를 설명해주세요.","fe","admin","",16/04/25 09:30:38.186415000
"5ddab6b2-4636-4a41-8784-ee2425f2c8cc","TDZ에 대해 설명해주세요.","fe","admin","",16/04/25 09:30:38.186415000
"cbdb8186-3f5c-4ca3-864f-2765b7688730","함수 선언형과 함수 표현식의 차이에 대해 설명해주세요.","fe","admin","",16/04/25 09:30:38.186415000
"63f486be-84e1-4476-bd01-01ff31ce70a7","이벤트 버블링과 캡처링에 대해 설명해주세요.","fe","admin","",16/04/25 09:30:38.186415000
"0566b34b-4b1f-413b-8eeb-bf20c1b1e8ff","이벤트 위임에 대해서 설명해주세요.","fe","admin","",16/04/25 09:30:38.186415000
"a2101cf5-6bd0-43d2-8e20-e287a211692e","이벤트 위임의 동작 방식에 대해서 설명해주세요.","fe","admin","",16/04/25 09:30:38.186415000
"ea420437-63f0-4681-9e30-70dfa314b166","호이스팅과 발생하는 이유에 대해 설명해주세요.","fe","admin","",16/04/25 09:30:38.186415000
"0d7a19be-a601-427d-920b-b479c08c1426","스코프 (Scope)에 대해 설명해주세요.","fe","admin","",16/04/25 09:30:38.186415000
"7feb07d8-abbd-429f-99e7-5a7fecaecf31","스코프 체인에 대해 설명해주세요.","fe","admin","",16/04/25 09:30:38.186415000
"f8f3fdb7-3e2d-41f0-b6b8-ec4f31cbd010","클로저(Closure)에 대해 설명해주세요.","fe","admin","",16/04/25 09:30:38.186415000
"300267b9-2d72-4186-ba70-e424f44af465","실행 컨텍스트에 대해 설명해주세요.","fe","admin","",16/04/25 09:30:38.186415000
"50d44318-b2f4-4032-8509-713cf9752c8c","렉시컬 환경(Lexical Environment)에 대해 설명해주세요.","fe","admin","",16/04/25 09:30:38.186415000
"45062de8-9e1f-4b50-9ec1-8c5d41e2f5b3","자바스크립트에서 일어나는 데이터 형변환에 대해 설명해주세요.","fe","admin","",16/04/25 09:30:38.186415000
"52f350fd-a418-4768-87d5-957271805e4c","자바스크립트가 동적 언어인 이유는 무엇인가요?","fe","admin","",16/04/25 09:30:38.186415000
"2af69bf5-aadd-4229-adb0-85b483b16c58","프로토타입에 대해 설명해주세요.","fe","admin","",16/04/25 09:30:38.186415000
"06449434-dccc-4375-9552-b1009d5f1937","깊은 복사와 얕은 복사에 대해 설명해주세요.","fe","admin","",16/04/25 09:30:38.186415000
"54ae0148-09a7-4f73-8a09-4ef047f4148e","불변성을 유지하려면 어떻게 해야하나요?","fe","admin","",16/04/25 09:30:38.186415000
"d16bc3fb-e3b1-4c2e-8924-28931a72e0f4","Blocking과 Non-Blocking에 대해 설명해주세요.","fe","admin","",16/04/25 09:30:38.186415000
"080acdf1-75f1-402d-bf98-ff1cba6fee11","동기와 비동기에 대해 설명해주세요.","fe","admin","",16/04/25 09:30:38.186415000
"d3dbc34f-0f9c-41d7-b395-f0ba2bd15d3c","ES6에서 새로 생긴 기능을 아는대로 말씀해주세요.","fe","admin","",16/04/25 09:30:38.186415000
"56377ddb-1cb1-4e98-b82f-2538a07b6878","undefined, null, undeclared를 비교해주세요.","fe","admin","",16/04/25 09:30:38.186415000
"1d00a3bf-fd57-4580-9d58-184f7e4b091a","자바스크립트에서 비동기 로직이 어떻게 동작하는지 설명해주세요. (이벤트 루프)","fe","admin","",16/04/25 09:30:38.186415000
"df6eebcf-1409-4518-ae01-7d2dd59ac0fc","태스크 큐와 마이크로 태스트 큐에는 어떤 함수가 들어가나요?","fe","admin","",16/04/25 09:30:38.186415000
"19a9eaef-c4c6-4398-bddb-60a7312f6230","URLSession에 대해서 설명해주세요.","ios","admin","",16/04/25 09:30:38.186415000
"f63ec1c9-8b5a-46e7-b59d-567a8f94a508","URLSessionConfiguration 종류에 대해 설명해주세요.","ios","admin","",16/04/25 09:30:38.186415000
"44ef8d9c-b238-41b4-ad87-91e7dd06c37b","URLDownloadTask와 URLSessionDataTask의 차이에 대해 설명해주세요.","ios","admin","",16/04/25 09:30:38.186415000
"21cab9a9-8531-480f-81f4-4bdb0e46e9f5","prepareForReuse에 대해서 설명해주세요.","ios","admin","",16/04/25 09:30:38.186415000
"92184864-dbe9-46c1-8050-450b40a6507f","다크모드를 지원하는 방법에 대해 설명해주세요.","ios","admin","",16/04/25 09:30:38.186415000
"74a51f08-156e-4e57-a90a-d873762364f9","ViewController의 생명주기를 설명해주세요.","ios","admin","",16/04/25 09:30:38.186415000
"50fd928f-3ec2-48cc-833c-c4ca2b29a80a","TableView와 CollectionView의 차이점을 설명해주세요.","ios","admin","",16/04/25 09:30:38.186415000
"2ef6a461-181f-4715-8f81-40455a5c92fc","오토레이아웃을 코드로 작성하는 방법은 무엇인가요?","ios","admin","",16/04/25 09:30:38.186415000
"7e88f97f-fc1f-49e2-aea9-2df1d7a3a77f","hugging, resistance에 대해서 설명해주세요.","ios","admin","",16/04/25 09:30:38.186415000
"e8008f52-3400-4d23-9430-3894d96def9a","Intrinsic Size에 대해서 설명해주세요.","ios","admin","",16/04/25 09:30:38.186415000
"b2dd910e-fbe5-425d-88e0-1bc4cb5c5955","스토리보드를 이용했을 때의 장단점을 설명해주세요.","ios","admin","",16/04/25 09:30:38.186415000
"6a36af80-e625-44fb-91f0-011aabe9143b","Safearea에 대해서 설명해주세요.","ios","admin","",16/04/25 09:30:38.186415000
"8719ea01-12b2-4142-b7e2-ef09527ead15","Left Constraint 와 Leading Constraint 의 차이점을 설명해주세요.","ios","admin","",16/04/25 09:30:38.186415000
"f578cf54-6193-4bf4-bef3-35ec1623cf2b","UIControl에 대해서 설명해주세요.","ios","admin","",16/04/25 09:30:38.186415000
"72f40202-dc5e-430d-8b97-753dbb3d6232","CollectionViewLayout을 커스텀하게 정의할 때 prepare 메서드가 언제 불리고 어떤 역할을 하는지 설명해주세요.","ios","admin","",16/04/25 09:30:38.186415000
"b2f420ec-0dcc-403e-b30c-ac723424caf7","#selector의 역할이 무엇인지에 대해 설명해주세요.","ios","admin","",16/04/25 09:30:38.186415000
"e26b9fec-ca7d-47f1-af60-a755881727ad","Autoresizing과 Autolayout의 차이에 대해 설명해주세요.","ios","admin","",16/04/25 09:30:38.186415000
"23826f86-9071-4c04-9155-771f41dc792e","super.viewDidLoad()를 제거하면 어떤 일이 일어나는지 설명해주세요.","ios","admin","",16/04/25 09:30:38.186415000
"cc8e2a03-05ba-4bfb-9e71-b25a4a8e9fe8","UIResponder에 대해 설명해주세요.","ios","admin","",16/04/25 09:30:38.186415000
"230601aa-6730-456d-9588-93a5888ecf05","Responder Chain에 대해 설명해주세요.","ios","admin","",16/04/25 09:30:38.186415000
"5abce042-1034-42f0-870d-1e357c77b4bd","기본적으로 클래스별로 이벤트가 전달되는 순서가 어떤지에 대해 설명해주세요.","ios","admin","",16/04/25 09:30:38.186415000
"a464754b-1178-4a44-b8b5-3dbd3ecca361","Responder Chain을 임의로 변경하려면 어떻게 해야할까요?","ios","admin","",16/04/25 09:30:38.186415000
"9c03f3d0-5f6b-4ce6-8568-220afd886d57","이벤트는 어떤 형태로 전달되나요? 터치 이벤트는 다른게 있나요?","ios","admin","",16/04/25 09:30:38.186415000
"9f593962-ce7b-4d75-b10f-8e9d643dd91f","UIControl에서 이벤트가 발생하면 해당 이벤트를 처리하기까지의 과정을 설명해주세요.","ios","admin","",16/04/25 09:30:38.186415000
"9d551ec4-09cf-4452-b5ee-52661562e9d9","UI 작업을 메인스레드에서 처리해야하는 이유에 대해 설명해주세요.","ios","admin","",16/04/25 09:30:38.186415000
"859393ca-3cad-4560-8842-b9a3d1cce00b","UIViewController의 상위 클래스들을 모두 말하고 설명해주세요.","ios","admin","",16/04/25 09:30:38.186415000
"f61c6599-1792-4f4b-bed9-e66551666f20","앱이 처음 시작되면 어떤 일들이 일어나는지 설명해주세요.","ios","admin","",16/04/25 09:30:38.186415000
"e7b4d5a6-1ff2-4396-bcd1-648920ff37dc","AndroidManifest.xml에 대해 설명해주세요.","android","admin","",16/04/25 09:30:38.186415000
"8f5d5f48-9968-4903-adf9-2eb1a02ff6a3","제네릭에 대해 설명해주세요.","android","admin","",16/04/25 09:30:38.186415000
"203b86fa-dfb8-4ec9-9ad6-fcaee3d91415","MVVM ViewModel과 AAC ViewModel 차이점에 대해 설명해주세요.","android","admin","",16/04/25 09:30:38.186415000
"3201350d-f4d1-4524-8132-da4fb87684fa","안드로이드 앱의 생명주기에 대해 설명해주세요.","android","admin","",16/04/25 09:30:38.186415000
"1abb3dcc-c690-4e3c-945f-280e10891689","안드로이드의 4대 컴포넌트에 대해 설명해주세요.","android","admin","",16/04/25 09:30:38.186415000
"bd20b038-0bda-426f-b7ad-dff7382c4b75","Activity와 Fragment에 대해 설명해주세요.","android","admin","",16/04/25 09:30:38.186415000
"ba5bf53b-8c71-4227-87fb-2fc1305c4c30","복수의 Fragment 간 데이터 전달 방법을 설명 해주세요.","android","admin","",16/04/25 09:30:38.186415000
"3db7d76b-4697-44cc-a97c-967c14273f1a","화면이 전환 되었을 때 Fragment가 어떻게 되는지 설명할 수 있나요?","android","admin","",16/04/25 09:30:38.186415000
"8f73f811-9bae-460d-adcc-24117bb54683","Fragment로만 이루어지는 앱의 장점과 단점에 대해 설명해주세요.","android","admin","",16/04/25 09:30:38.186415000
"f62a622d-3833-4368-9c1b-6cb21b6c43ba","Room과 SharedPreferences에 대해 설명해주세요.","android","admin","",16/04/25 09:30:38.186415000
"ce118321-05b3-43c7-929a-694dc117cb39","List View와 Recycler View의 차이는?","android","admin","",16/04/25 09:30:38.186415000
"e9265b89-e133-439a-92a3-c49a88441d87","ConstraintLayout의 장점과 RelativeLayout과 무엇이 다른지 차이를 설명해주세요.","android","admin","",16/04/25 09:30:38.186415000
"cfe762c4-ca42-4e88-b32d-850559bb3222","AAC LiveData와 ViewModel 이 무엇인지 설명해주세요.","android","admin","",16/04/25 09:30:38.186415000
"24c513c4-a4fd-4836-8237-b016bc8898bc","lateinit과 lazy 차이점은?","android","admin","",16/04/25 09:30:38.186415000
"6f00ec59-3cdd-46d5-ab02-ffec39b4adf8","Context란 무엇인가요?","android","admin","",16/04/25 09:30:38.186415000
"de074c3f-7849-447f-9ee0-16e50f81374e","interface와 abstract class에 대해 설명해주세요.","android","admin","",16/04/25 09:30:38.186415000
"7fcda31e-ae60-48eb-adad-05ee189e527d","클래스, 오브젝트(객체), 인스턴스에 대해 설명해주세요.","android","admin","",16/04/25 09:30:38.186415000
"378980f0-ebf2-441a-a608-c18623c6349a","동시성과 병렬성에 대해 설명해주세요.","android","admin","",16/04/25 09:30:38.186415000
"b81d8d50-e427-4e51-9ba2-33481935dc97","동기, 비동기를 설명해주세요.","android","admin","",16/04/25 09:30:38.186415000
"0671eb02-2f47-466a-b472-1adc287db2d8","여러개의 비동기를 동시에 처리해서 결과를 한꺼번에 보여주려면 어떻게 해야할까요?","android","admin","",16/04/25 09:30:38.186415000
"eba84830-8e08-4809-9f6f-d92900058752","블로킹, 논블로킹에 대해 설명해주세요.","android","admin","",16/04/25 09:30:38.186415000
"3b2066cd-104b-479b-aa2d-dff0d89861ed","프로세스와 스레드에 대해 설명해주세요.","android","admin","",16/04/25 09:30:38.186415000
"232a64fd-c2f9-4c9c-9db2-804a4095131a","교착 상태에 대해 설명해주세요.","android","admin","",16/04/25 09:30:38.186415000
"4e4bfa24-5343-4874-90fa-9493fa7c4a6f","Rxjava를 사용하면 좋은 점에 대해 설명해주세요.","android","admin","",16/04/25 09:30:38.186415000
"8113027b-4aed-4bda-bd78-ff91178902c6","반응형 프로그래밍이 무엇인가요?","android","admin","",16/04/25 09:30:38.186415000
"5b1212b9-758e-4a05-ac83-4c7a0727953a","선언형프로그래밍이 무엇인가요?","android","admin","",16/04/25 09:30:38.186415000
"a07e6472-147b-4ace-9765-93d8641e2fcf","Hashable 프로토콜을 채택하는 커스텀 타입이 Equtable도 채택해야하는 이유가 무엇인가요?","ios","admin","",16/04/25 09:30:38.186415000
"ba045dc9-4c12-4b11-8c6e-42e5d0c14cf4","열거형도 Hashable을 채택했을 때 자동으로 Hashable하게 만들 수 있나요?","ios","admin","",16/04/25 09:30:38.186415000
"d6931d9f-1346-44eb-ae27-b953575e97e2","init?()과 init()은 어떤 차이가 있나요?","ios","admin","",16/04/25 09:30:38.186415000
"bc026ee3-a93b-4981-a0dc-282e3e781a88","Never 반환 타입에 대해 설명해보세요.","ios","admin","",16/04/25 09:30:38.186415000
"e2be8661-15f8-48b1-9094-c67f531e9884","weak만 사용하지 않고 unowned도 사용하는 이유가 무엇을까요?","ios","admin","",16/04/25 09:30:38.186415000
"cdb4872a-4fea-487b-a90e-58f751e3095d","ARC가 메모리 해제를 할 수 없는 상황에 대해 설명해보세요. GC는 해결할 수 있을까요?","ios","admin","",16/04/25 09:30:38.186415000
"3357d8b9-7943-416a-a82f-f9a3a25dfcc0","DispatchGroup에 대해서 설명해보세요.","ios","admin","",16/04/25 09:30:38.186415000
"47e64724-95d5-4bce-8000-960e68d24730","DispatchWorkItem의 장점이 무엇인가요?","ios","admin","",16/04/25 09:30:38.186415000
"1479ea47-c8b2-4ac5-8080-119339993cc5","Concurrent와 Serial Queue가 async, sync와 함께 사용되는 상황에 대해서 설명해보세요.","ios","admin","",16/04/25 09:30:38.186415000
"3899d6e9-06c9-487f-9168-14e107c74e79","@escaping에 대해서 설명해보세요.","ios","admin","",16/04/25 09:30:38.186415000
"2ef89abd-8b06-45ca-a860-2fc0acd22c9a","@objc와 dynamic의 차이에 대해서 설명해보세요.","ios","admin","",16/04/25 09:30:38.186415000
"1efd1960-375a-40f6-b072-cebde9c358c4","Extension은 메서드를 Override 할 수 있을까요?","ios","admin","",16/04/25 09:30:38.186415000
"172e281f-86c0-4ece-9030-ea66a9e8c19b","RunLoop에 대해서 설명해보세요.","ios","admin","",16/04/25 09:30:38.186415000
"5475f947-e30f-416e-8e82-b77511ebabbd","autoreleasepool에 대해서 설명해보세요.","ios","admin","",16/04/25 09:30:38.186415000
"4569738a-357c-46b5-9b82-e8e654c3952c","OperationQueue에 대해서 설명해보세요. DispatchQueue와는 어떤 것이 다른가요?","ios","admin","",16/04/25 09:30:38.186415000
"287748a8-76a7-47b6-9164-ebdacdd17fe6","final 키워드를 클래스 앞에 붙이면 어떤 효과가 있을까요?","ios","admin","",16/04/25 09:30:38.186415000
"a72d83bc-67e3-4650-a5af-7e49fc4faf1e","vtable에 대해서 설명해보세요.","ios","admin","",16/04/25 09:30:38.186415000
"b3fd340f-a694-4a5c-8c04-1aa751eb322b","프로퍼티 옵저버에 대해 설명해보세요.","ios","admin","",16/04/25 09:30:38.186415000
"e3517d01-dc1d-455e-b886-a1b21773806b","Property Wrapper에 대해 설명해보세요.","ios","admin","",16/04/25 09:30:38.186415000
"16887c27-0bfd-44b3-b0a5-acae4c859c85","고차함수 중 flatMap과 compactMap의 차이를 설명해보세요.","ios","admin","",16/04/25 09:30:38.186415000
"31f3d45a-8b0d-4482-b4dc-c29e68a71237","Task에 대해 설명해보세요.","android","admin","",16/04/25 09:30:38.186415000
"829c1cce-0dce-4603-8118-9cf143a978d1","ViewHolder 패턴에 대해 설명해보세요.","android","admin","",16/04/25 09:30:38.186415000
"ab532707-7d37-4735-a1a3-18cb41ee8816","View의 Pagination 구현 방법을 설명 해주세요.","android","admin","",16/04/25 09:30:38.186415000
"89f93a0b-0e66-486f-9fbc-22f21c6f47c6","인플레이션(inflation)이란 무엇인가요?","android","admin","",16/04/25 09:30:38.186415000
"f246e867-face-4dfa-a112-2225fc11b13d","Thread간 통신하는 방법들에 대해 설명해보세요.","android","admin","",16/04/25 09:30:38.186415000
"acf3be3e-9616-4948-ae2b-615a5ddd9687","dp, sp의 사용처에 대해 설명해보세요.","android","admin","",16/04/25 09:30:38.186415000
"814d1d89-6378-4f62-8d4a-e5043d296b83","TDD에 대해 설명해보세요.","android","admin","",16/04/25 09:30:38.186415000
"5f08841c-18d2-44e0-9d47-2215098b3a45","BDD와 TDD의 차이를 설명할 수 있나요?","android","admin","",16/04/25 09:30:38.186415000
"fa646ace-35cb-43b8-a5b3-eab88a543e4b","CI/ CD에 대해 설명해주세요.","android","admin","",16/04/25 09:30:38.186415000
"7c786d52-aa82-46a3-83d7-537c4249929f","SurfaceView와 TextureView를 각각 소개해주세요.","android","admin","",16/04/25 09:30:38.186415000
"e857a49b-ce33-47f5-a1af-864c491ff311","GC의 동작원리와 WeakedReference를 설명해주세요.","android","admin","",16/04/25 09:30:38.186415000
"d360b950-4dde-4cf9-9a80-6cd851c339c9","private 함수를 테스트한다면 어떻게 해야할까요?","android","admin","",16/04/25 09:30:38.186415000
"314b69ed-c197-4131-b45a-703cac3d595f","안드로이드에서 Unit Test가 필요 한 이유는 무엇일까요?","android","admin","",16/04/25 09:30:38.186415000
"fe9e30c7-5797-4893-83bc-35261eb695d9","단위테스트, 인수테스트, 통합테스트, UI테스트의 차이는 무엇인가요?","android","admin","",16/04/25 09:30:38.186415000
"19412520-d193-4ca5-b3f7-46e5fb427f7b","REST API와 Restful API에 대해 설명해주세요.","android","admin","",16/04/25 09:30:38.186415000
"cafe35d1-e16e-4dcd-9196-101f46d8dab2","객체지향 프로그래밍에 대해 설명해주세요.","android","admin","",16/04/25 09:30:38.186415000
"853f729e-eb17-4a96-9011-0de3c3df84fb","객체지향의 5원칙 SOLID(솔리드)에 대해 설명해주세요.","android","admin","",16/04/25 09:30:38.186415000
"1b136b58-d6f9-45cf-afe2-55e2cf96a957","HTTTPS과 HTTP의 차이를 설명해주세요.","android","admin","",16/04/25 09:30:38.186415000
"db4e2bae-8d19-420d-a888-c0641be3c562","GET, POST, PUT, PATCH, DELETE에 대해 각각 설명하세요.","android","admin","",16/04/25 09:30:38.186415000
"1e5e91a0-ea85-4ae1-8557-d1455de0020e","Parcel 과 Serializable의 차이는 무엇일까요?","android","admin","",16/04/25 09:30:38.186415000
"14cbcde5-17c1-4d3d-a129-ad612774caa7","쿠키, 세션, 캐시에 대해 설명해보세요.","android","admin","",16/04/25 09:30:38.186415000
"a32ad9e3-9328-44bc-9ce9-ea2264fe6cf7","액티비티가 다시 재생성되는 조건은요?","android","admin","",16/04/25 09:30:38.186415000
"e38efea4-2b2f-45b0-9d45-e563170bc219","의존성 주입에 대해 설명해보세요. RxJava에서 flatMap과 switchMap의 차이가 무엇인가요?","android","admin","",16/04/25 09:30:38.186415000
"ec4a50db-d6e3-4326-9cf0-575157d575c3","Main 스레드와 Work 스레드에 대해 설명해보세요.","android","admin","",16/04/25 09:30:38.186415000
"940de038-6fff-4fc7-a151-18d2d9620745","Java와 비교했을 때 Kotlin의 장점을 소개해주세요.","android","admin","",16/04/25 09:30:38.186415000
"8ca7362f-158a-4755-aecb-a957b23f85af","Kotlin에서 with, run 의 차이점은 무엇일까요?","android","admin","",16/04/25 09:30:38.186415000
"e1638fe6-f201-4a8c-a356-66e69652efbb","Kotlin에서 run, let 의 차이점은 무엇일까요?","android","admin","",16/04/25 09:30:38.186415000
"311dab9e-6317-4c7d-9ac0-d676c752f50e","Kotlin에서 let, also 의 차이점은 무엇일까요?","android","admin","",16/04/25 09:30:38.186415000
"46fd2480-dc43-46c0-a350-e05fcef38179","Kotlin에서 Immutable 변수와 Mutable 변수를 쓰면 좋은점은 무엇일까요?","android","admin","",16/04/25 09:30:38.186415000
"1e78be03-9229-48d8-8776-94f28c662ba2","Exception과 Error, Throwable의 차이를 설명해주세요.","android","admin","",16/04/25 09:30:38.186415000
"0b63ab03-a512-4d34-87bf-6b0a62a6a423","RxJava에서 Observable, Flowable 차이가 무엇인가요?","android","admin","",16/04/25 09:30:38.186415000
"34fcecce-5d81-4aee-9545-1da7497d4fc8","RxJava에서 Flowable은 어떻게 사용하는 것인가요?","android","admin","",16/04/25 09:30:38.186415000
"03c70cc0-7376-421e-b615-2f53ba4823ff","RxJava에서 merge, concat, zip 차이를 설명해주세요.","android","admin","",16/04/25 09:30:38.186415000
"43cde6ad-a825-4a51-811f-1a05262bc938","RxJava에서 flatMap과 switchMap의 차이가 무엇인가요?","android","admin","",16/04/25 09:30:38.186415000
"326413a2-791a-4713-bcc3-0d762fd996d1","alert('삭제할 질문을 선택해주세요.');","user","user","104839411969251028003",16/04/25 09:31:29.639752000
"bde3244d-7f84-4c74-a61a-115051329d9a","alert('삭제할 질문을 선택해주세요.');","user","user","104839411969251028003",16/04/25 09:31:29.639752000
"c8b850cb-6244-4f1f-94ba-aa1254c20e49","백그라운드에서 UI를 업데이트 하는 방법은? width, measured width의 차이가 무엇인가요?","android","admin","",16/04/25 09:30:38.186415000
"4b81d0a7-0028-4e6a-b6c1-48750cf95c72","클린아키텍처가 무엇인지 설명해주세요.","android","admin","",16/04/25 09:30:38.186415000
"d34580aa-c87b-46a7-96ec-85d7f995a8d9","클린아키텍처에서 고수준, 저수준이 어떤 것인지 설명해 주실 수 있나요?","android","admin","",16/04/25 09:30:38.186415000
"aee7d9df-2ffd-4801-a21f-f32b9ded4632","Bundle이 무엇인가요?","android","admin","",16/04/25 09:30:38.186415000
"1a58f916-e4e1-4afb-88bf-b388df25bdae","Virtual DOM 이 무엇인지 설명해주세요.","fe","admin","",16/04/25 09:30:38.186415000
"3685aad4-3cf8-4ce3-bd62-c97592f104f5","Virtual DOM 작동 원리에 대해 설명해주세요.","fe","admin","",16/04/25 09:30:38.186415000
"6b3c691c-a11f-41ab-9677-b5ffcb8fb441","JSX에 대해 설명해주세요.","fe","admin","",16/04/25 09:30:38.186415000
"1932bfa7-bb7d-4759-a871-cacfb9ec360c","엘리먼트와 컴포넌트의 차이에 대해 설명해주세요.","fe","admin","",16/04/25 09:30:38.186415000
"9dad1f22-f8dc-46df-b8ee-7353a08954b1","리액트에서 컴포넌트를 어떻게 생성하나요?","fe","admin","",16/04/25 09:30:38.186415000
"b4e24572-7feb-4e87-8111-4905777a54e6","클래스형 컴포넌트를 사용해보셨나요?","fe","admin","",16/04/25 09:30:38.186415000
"dbe5b349-2de4-4b6f-927d-31ad13b2670b","클래스형 컴포넌트와 함수형 컴포넌트의 차이에 대해 설명해주세요.","fe","admin","",16/04/25 09:30:38.186415000
"6bd4cb9f-770a-4d6e-9c6b-93813fe9b62e","라이프사이클에 대해 설명해주세요.","fe","admin","",16/04/25 09:30:38.186415000
"3ae2171f-ecee-4c43-b8a1-6685200b3f9c","라이프 사이클 메소드에 대해 설명해주세요.","fe","admin","",16/04/25 09:30:38.186415000
"32669b70-6d1e-4026-ba2f-3f34b4485ed7","함수형 컴포넌트의 장점에 대해 설명해주세요.","fe","admin","",16/04/25 09:30:38.186415000
"085c7ab2-569a-48ca-bf64-085ccfe6042b","React Hooks에 대해 설명해주세요.","fe","admin","",16/04/25 09:30:38.186415000
"ac9f8edb-166b-4366-bfb9-2f40012b8798","함수형 컴포넌트에서 클래스형 컴포넌트의 라이프 사이클 메소드를 비슷하게 사용하는 방법에 대해 설명해주세요. (useEffect => ComponentDidMount, ComponentDidUpdate, ComponentWillUnmount)","fe","admin","",16/04/25 09:30:38.186415000
"3a0611c9-4296-4b2b-ba74-07e2f94340a6","useEffect와 useLayoutEffect의 차이점에 대해 설명해주세요.","fe","admin","",16/04/25 09:30:38.186415000
"fff865e7-bc2d-4326-a00e-2b240c586884","Pure Component에 대해 설명해주세요.","fe","admin","",16/04/25 09:30:38.186415000
"e4e3991f-1fe6-4d4a-891b-c9bad53e1533","shouldComponentUpdate에 대해 설명해주세요.","fe","admin","",16/04/25 09:30:38.186415000
"6f4cec29-4c02-4dd2-85d5-522b9051ae6d","State에 대해 설명해주세요.","fe","admin","",16/04/25 09:30:38.186415000
"08f4bd91-5a75-4041-a8fa-b295ecb0ed46","React에서 State를 어떻게 관리하나요?","fe","admin","",16/04/25 09:30:38.186415000
"917310de-699b-488d-ae04-95ed9ec152fe","Props에 대해 설명해주세요.","fe","admin","",16/04/25 09:30:38.186415000
"2123f587-f539-4019-8fe1-08dd3a20d7c5","Props Drilling에 대해 설명해주세요.","fe","admin","",16/04/25 09:30:38.186415000
"a9b92367-9fec-47ec-8816-2b3ce22d7dd2","Props Drilling을 어떻게 해결할 수 있나요?","fe","admin","",16/04/25 09:30:38.186415000
"f4f0a45b-1bc9-46ca-b9a2-bc4cc9dceb2b","데이터를 자식에서 부모로도 전달할 수 있나요?","fe","admin","",16/04/25 09:30:38.186415000
"ffa29ec0-16ba-4100-be39-ec7769a4742a","Props와 State의 차이에 대해 설명해주세요.","fe","admin","",16/04/25 09:30:38.186415000
"1649c477-e912-4963-aa9a-dbd5bf4d073d","왜 state를 직접 바꾸지 않고 setState (useState)를 사용해야 하나요?","fe","admin","",16/04/25 09:30:38.186415000
"0913e562-cf69-4776-9f9a-460818088a51","React 에서 상태 변화가 생겼을 때, 변화를 어떻게 알아채는지에 대해 설명해주세요.","fe","admin","",16/04/25 09:30:38.186415000
"15dfae5f-fa09-420d-b1d9-a2427a389a11","React에서 State의 불변성은 어떻게 유지할 수 있나요?","fe","admin","",16/04/25 09:30:38.186415000
"ee676f89-a95e-403a-b352-55df8b4a8d47","setState는 동기적으로 동작하나요? 아니면 비동기적으로 동작하나요?","fe","admin","",16/04/25 09:30:38.186415000
"eabde41c-7901-4315-bc12-7b6d08353712","HTML과 React의 이벤트 처리 차이점에 대해 설명해주세요.","fe","admin","",16/04/25 09:30:38.186415000
"09be4f17-b9f4-4aa5-9598-e627999bc91d","Key Props를 사용하는 이유에 대해 설명해주세요.","fe","admin","",16/04/25 09:30:38.186415000
"a9943a2a-0751-4a7d-9234-22b0642abe4b","Ref의 용도에 대해 설명해주세요.","fe","admin","",16/04/25 09:30:38.186415000
"f5a1b8c3-ba60-4974-85bf-18b9a61e0eac","안녕하세요. 테스트","fe","admin","",16/04/25 09:30:38.186415000
"ed7358aa-69dd-4acb-b062-8d84efc1c234","안녕하세요. 테스트1","fe","admin","",16/04/25 09:30:38.186415000
"6060bcbb-6193-46f4-a0e7-3d10c6ec19d0","안녕하세요. 테스트43","fe","admin","",16/04/25 09:30:38.186415000
"f5c37e1d-67ad-4ac5-8864-11f7cece468d","이터러블과 이터레이터 프로토콜에 대해 설명해주세요.","fe","admin","",16/04/25 09:30:38.186415000
"a5f4b6c1-2b43-4c39-a0ea-a9bd5f4b87c7","타입스크립트를 사용하는 이유에 대해 설명해주세요.","fe","admin","",16/04/25 09:30:38.186415000
"c425eb41-dfa5-4dd6-b4f4-5d5db3e8e40e","Type과 Interface의 차이점에 대해 설명해주세요.","fe","admin","",16/04/25 09:30:38.186415000
"13ccf73d-bdb7-4fcc-9b84-cd927fbadbb9","제네릭에 대해 설명해주세요.","fe","admin","",16/04/25 09:30:38.186415000
"e76d8e6c-b2cd-4f12-afd4-9f8f925432c2","제네릭 유틸리티 타입에 대해 설명해주세요.","fe","admin","",16/04/25 09:30:38.186415000
"80aafec9-1cd4-49c7-926e-6b0fd52442ae","클래스의 Public, Private, Protected에 대해 설명해주세요.","fe","admin","",16/04/25 09:30:38.186415000
"52459acf-5e3b-496a-85f2-5df05121aa14","클래스의 Static에 대해 설명해주세요.","fe","admin","",16/04/25 09:30:38.186415000
"3f135f49-7d59-40f2-aea7-8d3287c4f7ab","제어 컴포넌트와 비제어 컴포넌트의 차이에 대해 설명해주세요.","fe","admin","",16/04/25 09:30:38.186415000
"aa5d3abc-9138-4911-924b-dc6c44e89931","HOC (Higher-Order Components)에 대해 설명해주세요.","fe","admin","",16/04/25 09:30:38.186415000
"e5bd0648-ca40-4a3f-8091-9e5609b551ff","Context API에 대해 설명해주세요.","fe","admin","",16/04/25 09:30:38.186415000
"0d95e6a9-e372-48e0-bbfb-70a07a2c4e7b","React.Fragment에 대해 설명해주세요.","fe","admin","",16/04/25 09:30:38.186415000
"fc45f070-0944-4add-9a61-1bd41c6315a9","Portal에 대해 설명해주세요.","fe","admin","",16/04/25 09:30:38.186415000
"b8a9c9c3-a91d-4125-a6e4-3ffdc1fd281b","에러 바운더리에 대해 설명해주세요.","fe","admin","",16/04/25 09:30:38.186415000
"fb84a37a-1fce-4e45-bfd9-ba61ad82bdfd","메모이제이션에 대해 설명해주세요.","fe","admin","",16/04/25 09:30:38.186415000
"dcc144ad-1f8f-4b06-b764-ea4527d9d6a6","리액트에서 메모이제이션을 어떤 방식으로 활용할 수 있나요?","fe","admin","",16/04/25 09:30:38.186415000
"a8dcfa02-09ee-4843-8db9-f10a3cf15cce","useMemo와 useCallback에 대해 설명해주세요.","fe","admin","",16/04/25 09:30:38.186415000
"3e626163-bc41-4f3e-9e0e-c094b9734ab3","React.memo와 useMemo의 차이에 대해 설명해주세요.","fe","admin","",16/04/25 09:30:38.186415000
"5856c399-255c-4424-aa22-567133bdd2d8","리액트 관련 패키지 중에 제일 좋다고 생각한 것은 무엇인가요?","fe","admin","",16/04/25 09:30:38.186415000
"b228a4ae-933f-4492-8dc5-d25be4dd23f6","리액트의 렌더링 성능 향상을 위해 어떻게 해야 하나요?","fe","admin","",16/04/25 09:30:38.186415000
"05ddea80-ca37-4cc2-b2da-0c1158eef335","CSS in JS를 사용해 본 적이 있나요? 있다면 소감을 말해주세요.","fe","admin","",16/04/25 09:30:38.186415000
"e9e94221-d3fc-4106-9718-4e92c5d88007","React 최신 버전 업데이트 내용에 대해 말씀해주세요.","fe","admin","",16/04/25 09:30:38.186415000
"5e846c1e-3c4c-4ce4-83e9-5d42c6dff321","Client Side Routing에 대해 설명해주세요.","fe","admin","",16/04/25 09:30:38.186415000
"7ee11358-d560-48ec-9083-b76fe0c7c949","Next.js 를 사용해보셨나요?","fe","admin","",16/04/25 09:30:38.186415000
"8de9e047-44a9-4285-8559-94a035c2e864","React에서 Form 이벤트는 어떻게 제어하셨나요?","fe","admin","",16/04/25 09:30:38.186415000
"f52e25b6-79fa-4612-b080-1364b376d8a1","High Order Function에 대해서 설명해보세요.","ios","admin","",16/04/25 09:30:38.186415000
"917ccc82-ba9f-4eec-8d23-8fc25b48375f","함수형 프로그래밍은 무엇인가요? Swift는 함수형 프로그래밍 언어인가요?","ios","admin","",16/04/25 09:30:38.186415000
"73a67f35-ed26-4fbe-9d47-e7fa8b8befc0","순수함수가 무엇인가요?","ios","admin","",16/04/25 09:30:38.186415000
"054c62e0-3526-497f-922b-fafb6fdd62da","사이드 이펙트는 무엇인가요?","ios","admin","",16/04/25 09:30:38.186415000
"15ea3845-d3fb-44dc-a5dd-9e519f973e00","순수 함수가 왜 필요하다고 생각하나요?","ios","admin","",16/04/25 09:30:38.186415000
"ad8da464-4e04-485a-9348-48dd8ba48402","1급 객체에 대해서 설명해보세요. Swift에는 어떤 1급 객체들이 있나요?","ios","admin","",16/04/25 09:30:38.186415000
"ff19a9ea-194e-4bf9-bc37-a6f09c7903dd","Optional은 내부적으로 어떻게 구현되어 있나요?","ios","admin","",16/04/25 09:30:38.186415000
"3a7258f7-0833-4438-8647-fa429464ec46","Swift에서 참조 타입을 말해보세요.","ios","admin","",16/04/25 09:30:38.186415000
"da634f13-34db-4836-a9cf-27c313bc00d8","String은 왜 subscript로 접근할 수 없을까요?","ios","admin","",16/04/25 09:30:38.186415000
"09585fc0-8dc6-49a6-836a-9c3f5b3db7ce","Result 타입에 대해서 설명해보세요.","ios","admin","",16/04/25 09:30:38.186415000
"acfde08d-b24b-4688-946e-ecdda2aa2fd6","some 키워드에 대해서 설명해보세요.","ios","admin","",16/04/25 09:30:38.186415000
"9289e3f1-8cc6-49a6-85ca-e81cf1b0993e","KVC에 대해서 설명해보세요.","ios","admin","",16/04/25 09:30:38.186415000
"862321c5-04a4-4976-9979-62416fc89366","KVO에 대해서 설명해보세요.","ios","admin","",16/04/25 09:30:38.186415000
"bca74f8c-f919-4b88-b7e5-273815517610","typealias가 무엇인지 말해주세요.","ios","admin","",16/04/25 09:30:38.186415000
"c797913d-8149-4ba8-aa2a-b1d6ecf03122","associatedType이 무엇인지 설명해주세요.","ios","admin","",16/04/25 09:30:38.186415000
"f38cb368-b790-41b9-87a6-93ce0975ac9a","제네릭이 무엇이고 어떻게 동작하는지 설명해주세요.","ios","admin","",16/04/25 09:30:38.186415000
"fac82670-e296-480b-b64c-b705d5e47110","GCD의 Barrier에 대해 설명해주세요.","ios","admin","",16/04/25 09:30:38.186415000
"120c73e4-b71d-4ae3-97c2-42a3c54c4833","DispatchSemaphore를 사용하는 상황을 설명해주세요.","ios","admin","",16/04/25 09:30:38.186415000
"26fa5c28-bfa1-475f-93e5-a4d0cd5552f9","DispatchGroup은 언제 어떻게 사용할까요?","ios","admin","",16/04/25 09:30:38.186415000
"87e0afc1-3f81-48ea-945e-1e500c67cdf1","Codable에 대해서 설명해주세요.","ios","admin","",16/04/25 09:30:38.186415000
"f80cd880-78e9-4000-8ce8-e917f1a9a4bb","Codable과 NSCodong의 차이는?","ios","admin","",16/04/25 09:30:38.186415000
"98c262b2-12c7-4c54-8254-56f3b2d65024","COW를 직접 구현한다면 어떻게 구현할 것인지?","ios","admin","",16/04/25 09:30:38.186415000
"b31c6ef6-f56b-4fe7-af0a-185ef2a1ca6b","@Main에 대해서 설명해주세요.","ios","admin","",16/04/25 09:30:38.186415000
"3d9128d2-27dc-4c2a-8de5-474b27844919","Bounds 와 Frame의 차이점을 설명해보세요.","ios","admin","",16/04/25 09:30:38.186415000
"33a4f178-ca88-4824-9001-8fea1aa6b9f8","Bounds를 사용하는 예시가 어떤게 있을까요?","ios","admin","",16/04/25 09:30:38.186415000
"da9e0b41-37aa-44e1-840a-f3e0310e4fbc","실제 디바이스가 없을 경우 개발 환경에서 할 수 있는 것과 없는 것을 설명해주세요.","ios","admin","",16/04/25 09:30:38.186415000
"2471af31-4f11-4ef5-9a8d-14804ebbfcf0","앱 화면의 콘텐츠를 표시하는 로직과 관리를 담당하는 객체를 무엇이라고 하나요?","ios","admin","",16/04/25 09:30:38.186415000
"112d2a93-10bf-4545-8aff-aca1fdaaec81","App thinning에 대해서 설명해주세요.","ios","admin","",16/04/25 09:30:38.186415000
"30d1bcce-8258-496a-9b6b-22113071aede","앱이 시작할 때 main.c 에 있는 UIApplicationMain 함수에 의해서 생성되는 객체는 무엇인가요?","ios","admin","",16/04/25 09:30:38.186415000
"8f8e1d59-255a-4e9b-8592-4bd34c658eb0","UIApplicationDelegate는 어떤 종류의 메서드들을 포함하고 있나요?","ios","admin","",16/04/25 09:30:38.186415000
"68ea6cd1-50b3-4ad3-94b9-b0a98709384a","앱 생명주기와 관련된 UIApplicationDelegate 메서드를 말해보세요.","ios","admin","",16/04/25 09:30:38.186415000
"405c5367-57a4-41e5-b5be-d968c62b0d0f","앱이 In-Active 상태가 되는 시나리오를 설명해주세요.","ios","admin","",16/04/25 09:30:38.186415000
"dce9387f-e1e1-47fc-875c-7b9ddf58bbd6","scene delegate에 대해 설명해주세요.","ios","admin","",16/04/25 09:30:38.186415000
"df0c5a98-5eca-4119-8157-dca999b1cec4","App의 Not running, Inactive, Active, Background, Suspended에 대해 설명해주세요.","ios","admin","",16/04/25 09:30:38.186415000
"e3839bf7-19f2-4155-bbe2-efced510e5c1","Foundation Kit은 무엇이고 포함되어 있는 클래스들은 어떤 것이 있는지 설명해주세요.","ios","admin","",16/04/25 09:30:38.186415000
"ccc7b956-2945-4a37-a9ab-b6f38b180e0a","Delegate란 무언인지 설명하고, retain 되는지 안되는지 그 이유를 함께 설명해주세요.","ios","admin","",16/04/25 09:30:38.186415000
"c8d9c313-36f0-4ec4-a4b0-77e93d2a39fe","NotificationCenter 동작 방식과 활용 방안에 대해 설명해주세요.","ios","admin","",16/04/25 09:30:38.186415000
"ff5d40ab-c355-4029-9652-df0bf2ba18a4","UIKit 클래스들을 다룰 때 꼭 처리해야하는 애플리케이션 스레드 이름은 무엇인가요?","ios","admin","",16/04/25 09:30:38.186415000
"67c25c06-08d5-4e3f-bd26-f8911ba38645","App Bundle의 구조와 역할에 대해 설명해주세요.","ios","admin","",16/04/25 09:30:38.186415000
"b676c2bd-4367-43dd-95b4-57cff81a77eb","IOS의 각 디렉토리를 자세히 설명해주세요.","ios","admin","",16/04/25 09:30:38.186415000
"4690d72c-434b-4cfa-98e8-5798510e20f5","모든 View Controller 객체의 상위 클래스는 무엇이고 그 역할은 무엇인가요?","ios","admin","",16/04/25 09:30:38.186415000
"4a766d29-14ea-4493-8ba8-38dd88dc4cd3","자신만의 Custom View를 만들려면 어떻게 해야하는지 설명해주세요.","ios","admin","",16/04/25 09:30:38.186415000
"cc3d43bd-be38-4f6a-9da4-2436c33a4bb8","View 객체에 대해 설명해주세요.","ios","admin","",16/04/25 09:30:38.186415000
"0a78a5de-90d1-4a1e-8f0e-501f16f15fbe","UIView 에서 Layer 객체는 무엇이고 어떤 역할을 담당하는지 설명해주세요.","ios","admin","",16/04/25 09:30:38.186415000
"f7887815-4bd4-468c-bfd4-b48dc0da31ff","UIWindow 객체의 역할에 대해 설명해주세요.","ios","admin","",16/04/25 09:30:38.186415000
"ffb0bdc7-5b8d-439c-94d5-ae6bc1eab40d","UINavigationController의 역할이 무엇인지 설명해주세요.","ios","admin","",16/04/25 09:30:38.186415000
"f81c58a0-333b-4504-addb-f3892f92cefe","TableView를 동작 방식과 화면에 Cell을 출력하기 위해 최소한 구현해야 하는 DataSource 메서드를 설명해주세요.","ios","admin","",16/04/25 09:30:38.186415000
"5897f5bb-335f-4752-962f-1ad0d59acde6","하나의 View Controller 코드에서 여러 TableView Controller 역할을 해야 할 경우 어떻게 구분해서 구현해야 하는지 설명해주세요.","ios","admin","",16/04/25 09:30:38.186415000
"47d54b1f-19eb-4437-9e09-8b62a0bc7237","setNeedsLayout와 setNeedsDisplay의 차이에 대해 설명해주세요.","ios","admin","",16/04/25 09:30:38.186415000
"38af0bdd-6843-4ef9-9729-adc9e0e0b419","NSCache와 딕셔너리로 캐시를 구성했을때의 차이를 설명해주세요.","ios","admin","",16/04/25 09:30:38.186415000
"2a7d9757-0f58-46e8-8112-7cfbf8b6d4ba","NSCache 정책이 어떻게 구성되어있는지 아나요?","ios","admin","",16/04/25 09:30:38.186415000
"d81bae79-d5a7-4e37-af42-6a2c59551602","NSCache의 cost랑 오브젝트 개수가 무엇이 다른가요?","ios","admin","",16/04/25 09:30:38.186415000
"eb523653-3e3b-45d4-86c0-5caee99ca579","requestAnimationFrame에 대해 설명해주세요.","fe","admin","",16/04/25 09:30:38.186415000
"79b20d7e-2240-4db4-8cd5-5a38203599e4","비동기적으로 실행되는 것을 동기적으로 코딩하는 방법이 있나요?","fe","admin","",16/04/25 09:30:38.186415000
"2c3e6895-5065-4388-aef3-0a9b2109f751","map과 forEach, reduce에 대해 설명해주세요.","fe","admin","",16/04/25 09:30:38.186415000
"2bdf6048-7a64-43a3-a29e-f87cf5d04362","자바스크립트의 메모리 관리에 대해 아는 대로 설명해주세요","fe","admin","",16/04/25 09:30:38.186415000
"42add924-5442-4f6c-a0e2-3389b84d2321","클래스에 대해 설명해주세요.","fe","admin","",16/04/25 09:30:38.186415000
"2a1302b0-030a-4980-80da-9413de1ec24e","즉시 실행 함수 (IIFE)에 대해 설명해주세요.","fe","admin","",16/04/25 09:30:38.186415000
"2a09b59c-beb3-472e-b079-41645bf85407","엄격 모드에 대해 설명해주세요.","fe","admin","",16/04/25 09:30:38.186415000
"493d4fdc-bc8c-4f67-beb5-a2bb7e3c7151","콜 스택 (Call Stack)과 힙 (Heap)에 대해 설명해주세요.","fe","admin","",16/04/25 09:30:38.186415000
"1d3fcff2-6e9f-4ad7-bd12-54a6245fac8c","Rest 연산자와 Spread 연산자에 대해 설명해주세요.","fe","admin","",16/04/25 09:30:38.186415000
"76ba89ae-3c70-47dd-951f-04d6554bf130","제너레이터에 대해 설명해주세요.","fe","admin","",16/04/25 09:30:38.186415000
"b4dd92d7-5ea5-471e-affb-07309e014253","안녕하세요. 테스트2","fe","admin","",16/04/25 09:30:38.186415000
"bc7841b9-831b-44bc-b64d-86059f32ffd3","gRPC는 무엇이고, RPC는 무엇인가요?","be","admin","",16/04/25 09:30:38.186415000
"fe79961f-9e58-46a7-8a9e-e9d499cee077","쿠버네티스가 무엇인가요?","be","admin","",16/04/25 09:30:38.186415000
"a2898640-7ebc-4f43-af02-50cf8e320133","쿠버네티스를 사용하는 이유는 무엇인가요?","be","admin","",16/04/25 09:30:38.186415000
"6b05e082-acde-4de7-af05-ddbd2e1316e2","Swift에서 Extension은 어떻게 사용되나요?","ios","admin","",16/04/25 09:30:38.186415000
"e2b70216-f491-4342-9949-8e3510147b75","Swift의 upcasting과 downcasting의 차이에 대해서 설명해보세요.","ios","admin","",16/04/25 09:30:38.186415000
"62e28658-b303-4b9d-a890-15aeed40ee69","== 연산자와 === 연산자는 어떻게 다른가요?","ios","admin","",16/04/25 09:30:38.186415000
"1f38562b-c319-4106-baf8-5376c3d2c2b5","Dispatch Queue의 Serial Queue에 대해서 설명해보세요.","ios","admin","",16/04/25 09:30:38.186415000
"9da63284-4c66-4216-9efa-c5d2e62dcf71","let과 var의 차이는 무엇인가요?","ios","admin","",16/04/25 09:30:38.186415000
"c57eb700-a2ab-426d-872f-4974c5719758","function과 method의 차이를 말해보세요.","ios","admin","",16/04/25 09:30:38.186415000
"cd5bd097-1fc9-48bc-a0a7-07626f5911ce","커스텀 객체의 배열이 있을 때, 프로퍼티를 기준으로 배열을 어떻게 정렬할 수 있을까요?","ios","admin","",16/04/25 09:30:38.186415000
"817e4153-cceb-483e-a6b0-6919bc858943","mutaing 키워드의 의미를 설명해보세요.","ios","admin","",16/04/25 09:30:38.186415000
"1c8c0507-81db-484d-bf7b-52eb99f7a24d","프로토콜과 클래스의 차이를 설명해보세요.","ios","admin","",16/04/25 09:30:38.186415000
"65d3ed03-d1a3-4011-ab07-16bd7b083a24","Enum에서 raw value와 associated value에 대해 설명해보세요.","ios","admin","",16/04/25 09:30:38.186415000
"17c8a112-d4e2-4c7b-bea1-f51a1e05435b","inout은 언제 사용하면 좋을까요?","ios","admin","",16/04/25 09:30:38.186415000
"ffb02c18-e78c-477c-818b-4e731dc471eb","연산 프로퍼티와 클로저를 가지는 저장 프로퍼티의 차이를 설명해보세요.","ios","admin","",16/04/25 09:30:38.186415000
"423f5d31-6ed9-43f6-ada0-7acee2a4d457","as? 와 as! 차이를 설명해보세요.","ios","admin","",16/04/25 09:30:38.186415000
"bcb92edc-f39e-4d68-9fda-ca9d1d4c6cf8","메서드 안에서 언제 self를 사용해야할까요?","ios","admin","",16/04/25 09:30:38.186415000
"bbc3360f-3f88-4115-849b-3b4340dd46c1","Class와 Struct의 공통점과 차이점을 설명해보세요.","ios","admin","",16/04/25 09:30:38.186415000
"0b67dd92-7ef5-4cc5-9fa2-9edf1c91aab7","강한 참조는 무엇이고 왜 필요한가요?","ios","admin","",16/04/25 09:30:38.186415000
"4ee11acf-5053-428d-9cdc-2ed78fed00fc","strong, weak, unowned reference는 각각 언제 사용할까요?","ios","admin","",16/04/25 09:30:38.186415000
"3afae1ef-7256-4e58-806d-d3c726367bb3","Array, Set, Dictionary의 차이점이 뭘까요?","ios","admin","",16/04/25 09:30:38.186415000
"3994a91f-ce46-4e27-a81d-84d276e5f80f","required 키워드에 대해서 설명해보세요.","ios","admin","",16/04/25 09:30:38.186415000
"10b0cb89-2907-40fb-935a-bda60fab638a","Self와 self의 차이가 뭘까요?","ios","admin","",16/04/25 09:30:38.186415000
"e34f2ea3-b7ea-4e2c-ac3f-2a6c35c7b7fd","Array보다 Set을 사용하는게 더 좋을 때는 언제일까요?","ios","admin","",16/04/25 09:30:38.186415000
"629d895b-8131-410e-837e-a80260e10407","Trailing Closure에 대해서 설명해보세요.","ios","admin","",16/04/25 09:30:38.186415000
"6dd70027-b8c6-461d-951b-d8e1cdb8d99b","@objc는 언제 사용하나요?","ios","admin","",16/04/25 09:30:38.186415000
"f5e05b0f-0362-4e0a-9ec0-f03b05f0e7bf","deinit은 언제 사용할까요?","ios","admin","",16/04/25 09:30:38.186415000
"3731ae5d-1324-47c4-a822-ff6aa1969d95","DispatchQueue.main.async 와 DispatchQueue.main.sync 의 차이를 설명해보세요.","ios","admin","",16/04/25 09:30:38.186415000
"e7530f53-c242-437e-a956-997d6496ee4e","defer에 대해 설명해보세요.","ios","admin","",16/04/25 09:30:38.186415000
"e060df9a-6778-4dad-bef5-1d284a2b0ed5","open과 public 키워드의 차이를 설명해보세요.","ios","admin","",16/04/25 09:30:38.186415000
"c7c6ef23-fbc2-4949-82cb-6b8089fee408","fileprivate을 설명하고 언제 사용하면 좋을지 이야기해보세요.","ios","admin","",16/04/25 09:30:38.186415000
"40e17911-3f5c-488e-b239-f33b5fbf49e6","fileprivate과 private의 차이를 설명해보세요.","ios","admin","",16/04/25 09:30:38.186415000
"f198616e-9f1e-4fc4-9010-d6ed9902f6d9","static func 와 class func의 차이를 설명해보세요.","ios","admin","",16/04/25 09:30:38.186415000
"82078db2-91e8-4d7f-a959-48ea5a7f8afd","Function과 Closure의 차이를 설명해보세요.","ios","admin","",16/04/25 09:30:38.186415000
"d5a26c8b-4e2a-48be-a078-0463d1383a43","Swift에서 추상 클래스를 만들려면 어떻게 해야할까요?","ios","admin","",16/04/25 09:30:38.186415000
"5c69018e-51bd-443a-83d9-7f6c4869f724","Any와 AnyObject의 차이를 설명해보세요.","ios","admin","",16/04/25 09:30:38.186415000
"a17349b1-22b7-4d5b-bd97-fc74534c9342","클래스 대신 언제 구조체를 사용하면 좋을까요?","ios","admin","",16/04/25 09:30:38.186415000
"191815f9-9e69-4a81-935b-9032f9545f4c","구조체 대신 언제 클래스를 사용하면 좋을까요?","ios","admin","",16/04/25 09:30:38.186415000
"94544f86-0a43-420a-a839-267981553f17","weak과 unowned 의 차이를 설명하고 예를 들어주세요.","ios","admin","",16/04/25 09:30:38.186415000
"e2cc5df4-f4c4-4c0b-a333-df65c838cb8c","unowned는 언제 사용하는 것이 안전할까요?","ios","admin","",16/04/25 09:30:38.186415000
"7f7f84ff-b47e-4d25-8d51-68270ae96491","Swift의 Copy-on-Write에 대해서 설명해보세요.","ios","admin","",16/04/25 09:30:38.186415000
"cb1f4dae-a325-4517-b357-fd05e027b908","staic 변수와 class 변수에 대해 설명해보세요.","ios","admin","",16/04/25 09:30:38.186415000
"9dfdbff9-b9e2-47d9-8144-df7ac6e2260f","ARC와 GC는 어떤 차이점이 있나요?","ios","admin","",16/04/25 09:30:38.186415000
"818220ac-ddb2-4378-9494-82124113ead9","autoclosure attribute에 대해서 설명해보세요.","ios","admin","",16/04/25 09:30:38.186415000
"704b8968-3e5f-47ca-a032-57fb93cddda5","GCD의 QoS에 대해서 설명해보세요.","ios","admin","",16/04/25 09:30:38.186415000
"d9c4dab3-9593-4eaa-b4ca-0fb26b854a96","Hashable 프로토콜에 대해서 설명해보세요.","ios","admin","",16/04/25 09:30:38.186415000
"1a9053e1-aaa0-4438-a4e6-f9bceef8afc3","React Hook Form 를 사용해보셨나요?","fe","admin","",16/04/25 09:30:38.186415000
"985b6c84-37b7-43f9-8c24-76355823cb53","기억나는 Hook에 대해 전부 설명해주세요.","fe","admin","",16/04/25 09:30:38.186415000
"548121b6-134b-4bec-b731-aed6edb6f54d","React에서 컴포넌트 A가 사용하는 CSS파일과 컴포넌트 B가 사용하는 CSS파일의 선택자가 겹치는 이유가 뭘까요?","fe","admin","",16/04/25 09:30:38.186415000
"536f51ca-9070-485c-b292-dba04517fdd8","Redux에 대해 설명해주세요.","fe","admin","",16/04/25 09:30:38.186415000
"3c8eb1d3-1801-4dfb-b380-6b30464dd8b2","Redux를 사용하는 이유에 대해 설명해주세요.","fe","admin","",16/04/25 09:30:38.186415000
"5ee1ad3f-b0f8-4efc-83cc-22dbeaaf3365","Redux의 장단점에 대해 설명해주세요.","fe","admin","",16/04/25 09:30:38.186415000
"237feede-aabb-4c00-8e97-88f1e7332585","Flux 패턴에 대해 설명해주세요.","fe","admin","",16/04/25 09:30:38.186415000
"80961750-0cc9-4ea0-8eb8-644ec0df9108","Context API와 Redux를 비교해주세요.","fe","admin","",16/04/25 09:30:38.186415000
"e83985b7-55f1-4022-8ea8-e11ba4640f39","Redux의 3대 원칙에 대해 설명해주세요.","fe","admin","",16/04/25 09:30:38.186415000
"5e38ea92-39e6-4724-a7c7-4cc12117eec9","React-Query를 사용해보셨나요?","fe","admin","",16/04/25 09:30:38.186415000
"713b19dc-5f5f-4761-9749-f9be1fcbe656","React-Query에 대해 설명해주세요.","fe","admin","",16/04/25 09:30:38.186415000
"008f98db-c6a9-4cc7-9694-1492463ff49c","React-Query의 등장 배경과 장점에 대해 설명해주세요.","fe","admin","",16/04/25 09:30:38.186415000
"825564a5-093f-4961-9c14-cb72c3729422","Recoil을 사용해보셨나요?","fe","admin","",16/04/25 09:30:38.186415000
"e5285c33-f5fd-4b75-8bf4-05650983f311","Recoil에 대해 설명해주세요.","fe","admin","",16/04/25 09:30:38.186415000
"7c41cb0d-3a82-4144-8b32-20e6486c3105","Recoil에서 Loadable의 개념에 대해 설명해주세요.","fe","admin","",16/04/25 09:30:38.186415000
"10333231-ce89-48cd-a7b1-f203aa468547","Recoil에서 비동기로 데이터를 받아올 때 State를 어떻게 관리하셨나요?","fe","admin","",16/04/25 09:30:38.186415000
"387b6e61-452a-49b3-8ddf-90f5e8e4f2ac","Recoil에서 로딩, 성공, 에러와 관련된 처리를 어떻게 하셨나요?","fe","admin","",16/04/25 09:30:38.186415000
"48efd985-4a2b-431b-98b8-f230096d0bc0","Redux와 Recoil에 대해 비교 설명해주세요. (개념, 장단점)","fe","admin","",16/04/25 09:30:38.186415000
"db32359d-d039-4308-aa12-33bfa4222ba8","JVM의 구조와 Java의 실행방식을 설명해주세요.","be","admin","",16/04/25 09:30:38.186415000
"5bdf6e60-e8bc-49aa-8f6e-5a348caff3c5","GC가 무엇인지, 필요한 이유는 무엇인지, 동작방식에 대해 설명해주세요.","be","admin","",16/04/25 09:30:38.186415000
"3e71031a-d3d8-4948-ae5b-aa417d46a3e3","컬렉션 프레임워크에 대해서 설명해주세요.","be","admin","",16/04/25 09:30:38.186415000
"4decb1c1-5603-4fd9-8c36-f5c4a465e917","제네릭에 대해서 설명해주세요.","be","admin","",16/04/25 09:30:38.186415000
"e49d9565-3121-45fa-a36b-b4087a37cd6f","애노테이션에 대해서 설명해주세요.","be","admin","",16/04/25 09:30:38.186415000
"ed522993-f5ef-4b82-8ff2-bd2b36155213","오버라이딩과 오버로딩이 무엇이며 어떤 차이가 있을까요?","be","admin","",16/04/25 09:30:38.186415000
"69d01175-cc03-4c32-b5bf-7a07a5307d75","인터페이스와 추상클래스의 차이점에 대해 설명해주세요.","be","admin","",16/04/25 09:30:38.186415000
"3df01c0e-845b-454f-8fef-0d30e9ecaaa1","클래스는 무엇이고 객체는 무엇인가요?","be","admin","",16/04/25 09:30:38.186415000
"df453407-4e17-45a6-81aa-962d43c6147f","정적(static)이란 무엇인가요?","be","admin","",16/04/25 09:30:38.186415000
"9ba2cbf9-1dfa-4b4f-98bc-9b49aa93e047","자바의 원시타입들은 무엇이 있으며 각각 몇 바이트를 차지하나요?","be","admin","",16/04/25 09:30:38.186415000
"1ca39658-b977-4b75-9c52-d61001045def","접근 제어자의 종류와 이에 대해 설명해주세요.","be","admin","",16/04/25 09:30:38.186415000
"78fe57d6-fd63-4472-af6d-2b9fe4bc70cd","객체지향에 대해서 설명해주세요.","be","admin","",16/04/25 09:30:38.186415000
"da9858cb-2035-46c5-8806-0464f10de0ea","SOLID(객체지향 5대원칙)에 대해서 설명해주세요.","be","admin","",16/04/25 09:30:38.186415000
"0391dafd-ee20-43b2-b09c-4d5b5d02bc68","동일성(identity)와 동등성(equality)에 대해 설명해주세요. (equals(), ==)","be","admin","",16/04/25 09:30:38.186415000
"4446f755-d469-4979-adab-464a44bf32de","원시타입과 참조타입의 차이에 대해 설명해주세요.","be","admin","",16/04/25 09:30:38.186415000
"49c9324d-2696-44a9-9650-d1611696acd8","String, StringBuilder, StringBuffer 각각의 차이에 대해 설명해주세요.","be","admin","",16/04/25 09:30:38.186415000
"06159c92-3c74-42d9-b02e-64ad9f3704e2","Checked Exception과 Unchecked Exception에 대해 설명해주세요. 스프링 트랜잭션 추상화에서 rollback 대상은 무엇일까요?","be","admin","",16/04/25 09:30:38.186415000
"782660fa-2516-47eb-a6da-ad36dc7ded88","Java8에서 추가된 기능에 대해서 설명해주세요.","be","admin","",16/04/25 09:30:38.186415000
"81c760a3-b24a-4a48-befe-6275cf558b01","try-with-resource에 대해서 설명해주세요.","be","admin","",16/04/25 09:30:38.186415000
"0d0513aa-b0bd-41fd-b488-e335851a680f","final에 대해 설명해주세요.","be","admin","",16/04/25 09:30:38.186415000
"2108cd09-48e0-4b4e-89f0-fabd71ba37fe","강한 결합과 느슨한 결합이 무엇인지 설명해주세요.","be","admin","",16/04/25 09:30:38.186415000
"ea8cf2a6-85f0-4636-8857-5b85e0b675c4","직렬화와 역직렬화에 대해서 설명해주세요.","be","admin","",16/04/25 09:30:38.186415000
"a4f2e8f4-f35d-4268-b781-cd93a7ed7f4e","자바의 동시성 이슈(공유자원 접근)에 대해 설명해주세요.","be","admin","",16/04/25 09:30:38.186415000
"44d97e2c-1266-419a-bb3d-ebcd8633e0d2","Mutable 객체와 Immutable 객체의 차이점에 대해 설명해주세요.","be","admin","",16/04/25 09:30:38.186415000
"ac93bffa-90fc-40d5-b64d-7c3097aa6815","자바에서 null을 안전하게 다루는 방법에 대해 설명해주세요.","be","admin","",16/04/25 09:30:38.186415000
"cbb8bf2c-b7cc-482b-a0da-efbe79debd57","JDK와 JRE의 차이점을 설명하세요.","be","admin","",16/04/25 09:30:38.186415000
"4ea201a3-5aa7-45d3-9d1c-d9e15a1f8405","Spring DI/IoC는 어떻게 동작하나요?","be","admin","",16/04/25 09:30:38.186415000
"df500ada-f4d3-4b12-8a9d-de393861319d","Spring Bean이란 무엇인가요?","be","admin","",16/04/25 09:30:38.186415000
"2244e0d1-e4c1-4460-9141-1c13d34d1d0b","스프링 Bean의 생성 과정을 설명해주세요.","be","admin","",16/04/25 09:30:38.186415000
"b460a666-77c2-413d-a3dd-7630043d3499","스프링 Bean의 Scope에 대해서 설명해주세요.","be","admin","",16/04/25 09:30:38.186415000
"901c241b-274f-499d-9516-5ed95f5990be","IoC 컨테이너의 역할은 무엇이 있을까요?","be","admin","",16/04/25 09:30:38.186415000
"987d55fa-cd2b-4e03-97a2-fbd1328bea2b","DI 종류는 어떤것이 있고, 이들의 차이는 무엇인가요?","be","admin","",16/04/25 09:30:38.186415000
"07e452ea-9539-43fe-b917-c9993b0ee21c","Autowiring 과정에 대해서 설명해주세요.","be","admin","",16/04/25 09:30:38.186415000
"81f94973-9549-470e-9414-6b7e141a5060","Spring Web MVC의 Dispatcher Servlet의 동작 원리에 대해서 간단히 설명해주세요.","be","admin","",16/04/25 09:30:38.186415000
"1ce8daa9-3c04-4ff4-9e9f-2cc54e9794be","프론트 컨트롤러 패턴이란 무엇인가요?","be","admin","",16/04/25 09:30:38.186415000
"83ae6bab-6057-4541-80cd-4a2edb1f7bbb","Servlet Filter와 Spring Interceptor의 차이는 무엇인가요?","be","admin","",16/04/25 09:30:38.186415000
"eca8c182-2c8a-4a51-a602-396cedb3c4bf","Spring에서 CORS 에러를 해결하기 위한 방법을 설명해주세요.","be","admin","",16/04/25 09:30:38.186415000
"e8cf459e-b39e-4bef-ad67-237a41095205","Bean/Component 어노테이션에 대해서 설명해주시고, 둘의 차이점에 대해 설명해주세요.","be","admin","",16/04/25 09:30:38.186415000
"4bde7233-7330-46be-8e5e-09a080214583","POJO란 무엇인가요? Spring Framework에서 POJO는 무엇이 될 수 있을까요?","be","admin","",16/04/25 09:30:38.186415000
"0567a869-3ef7-456b-aff1-c3116f2b898a","Spring Web MVC에서 요청 마다 Thread가 생성되어 Controller를 통해 요청을 수행할텐데, 어떻게 1개의 Controller만 생성될 수 있을까요?","be","admin","",16/04/25 09:30:38.186415000
"2e52feb1-0065-491c-a8ba-3c8c605b751c","Spring WEB MVC의 근간에는 Java Servlet 이 있는데요. Spring 은 Servlet을 어떻게 구성해서 이를 구현했을까요?","be","admin","",16/04/25 09:30:38.186415000
"5e7cc107-25d3-4257-b00a-af9da8cc93d7","Filter는 Servlet의 스펙이고, Interceptor는 Spring MVC의 스펙입니다. Spring Application에서 Filter와 Interceptor를 통해 예외를 처리할 경우 어떻게 해야 할까요?","be","admin","",16/04/25 09:30:38.186415000
"a1844ec9-a9c3-47ab-9463-4a231c94a105","Spring Application을 구동할 때 메서드를 실행시키는 방법에 대해 설명해주세요.","be","admin","",16/04/25 09:30:38.186415000
"e4b6372b-76ec-4b1e-8d6d-e1765502437b","의존성과 설정값을 생성자 인자로 주입해야 하는 이유에 대해 설명해주세요.","be","admin","",16/04/25 09:30:38.186415000
"5488ef60-1816-429d-bc6d-80d9d25ff3df","JPA 영속성 컨텍스트의 이점(5가지)을 설명해주세요.","be","admin","",16/04/25 09:30:38.186415000
"6aed6bb4-332e-421c-a94a-b41b6ac86c8b","JPA Propagation 전파단계를 설명해주세요.","be","admin","",16/04/25 09:30:38.186415000
"cb02b241-808f-4d48-9e09-ea8725d4662f","JPA를 쓴다면 그 이유에 대해서 설명해주세요.","be","admin","",16/04/25 09:30:38.186415000
"2a54e099-3756-454c-a7c7-42a41edd5295","N + 1 문제는 무엇이고 이것이 발생하는 이유와 이를 해결하는 방법을 설명해주세요.","be","admin","",16/04/25 09:30:38.186415000
"3c9f6b15-ed91-4090-92e2-5bd2a3a4c36a","nodeJS의 특징에 대해 설명해주세요.","be","admin","",16/04/25 09:30:38.186415000
"6e34aa12-5744-4cff-ab86-6298c62b9481","nodeJS의 얕은복사와 깊은복사에 대해 설명해주세요.","be","admin","",16/04/25 09:30:38.186415000
"39e90317-602e-4130-a437-5e7055e960dc","List와 Tuple의 차이에 대해 설명해주세요.","be","admin","",16/04/25 09:30:38.186415000
"def4c595-6dac-4940-9910-99838425a0e3","파이썬의 코루틴에 대해 아는대로 설명해주세요.","be","admin","",16/04/25 09:30:38.186415000
"9add783e-3ca0-44e5-a671-eec0314c4aea","파이썬의 데코레이터에 대해 아는대로 설명해주세요.","be","admin","",16/04/25 09:30:38.186415000
"701e597f-0032-492b-ae66-c7841898d221","GIL에 대해 설명해주세요.","be","admin","",16/04/25 09:30:38.186415000
"0a8a9b7f-8408-4d44-821f-b2ccfdbc1e96","MRO에 대해 설명해주세요.","be","admin","",16/04/25 09:30:38.186415000
"7a8a94ec-b802-4175-ac42-6c400c6ea218","Magic Method에 대해 설명해주세요.","be","admin","",16/04/25 09:30:38.186415000
"b0d0a469-ff73-43ca-a5a7-3c48e63d57e1","__new__와 __init__의 차이에 대해 설명해주세요.","be","admin","",16/04/25 09:30:38.186415000
"f1aef1bf-ab08-4392-9582-551319324f51","__repr__와 __str__의 차이에 대해 설명해주세요.","be","admin","",16/04/25 09:30:38.186415000
"ba0bb828-1bf7-4a5d-a829-55ba08a9c9d0","r string과 u string에 대해 설명해주세요.","be","admin","",16/04/25 09:30:38.186415000
"ea45075c-0df9-43aa-ac9b-646ea90afb0f","Call by Assignment에 대해 설명해주세요.","be","admin","",16/04/25 09:30:38.186415000
"b8de3d64-0337-4243-b2b5-2ab9fde214df","파이썬의 접근제어 지시자에 대해 아는대로 설명해주세요.","be","admin","",16/04/25 09:30:38.186415000
"564ec44b-bc50-4df1-90bd-8da0905254e7","global과 nonlocal 키워드의 차이에 대해 설명해주세요.","be","admin","",16/04/25 09:30:38.186415000
"7675e415-e67d-4827-b0ac-958218ab1a44","class method와 static method의 차이에 대해 설명해주세요.","be","admin","",16/04/25 09:30:38.186415000
"33fdd1ee-97db-4528-874f-c937fc47eec2","대용량 트래픽에서 장애가 발생하면 어떻게 대응할 것인가요?","be","admin","",16/04/25 09:30:38.186415000
"c2ccc561-25ad-44b8-8985-788f61c72046","싱글톤 패턴에 대해서 설명해주세요.","be","admin","",16/04/25 09:30:38.186415000
"7752deb9-0bb2-4d7a-bb3f-0375d6e66667","브릿지 패턴에 대해서 설명해주세요.","be","admin","",16/04/25 09:30:38.186415000
"16593505-1617-4027-a1f6-c9b57fdf8c04","전략 패턴에 대해서 설명해주세요.","be","admin","",16/04/25 09:30:38.186415000
"ed017586-ac0f-44d4-ac8b-04d52b9286fb","빌더 패턴에 대해서 설명해주세요.","be","admin","",16/04/25 09:30:38.186415000
"36ae2e1c-7002-46f7-bd1d-f28615d56ea2","팩토리 메서드 패턴에 대해서 설명해주세요.","be","admin","",16/04/25 09:30:38.186415000
"4f6011e2-0935-4a8b-a8bc-ddb8f42fb846","퍼사드 패턴에 대한 예를 들어주세요.","be","admin","",16/04/25 09:30:38.186415000
"59e0bfd8-f029-4fdc-9f5a-9e15cf1e7712","테스트 코드에 대해서 어떻게 생각하고, 작성하나요?","be","admin","",16/04/25 09:30:38.186415000
"f47814dc-39e6-4d1a-bb15-1c7b23c12cd6","TDD를 알고 있나요?","be","admin","",16/04/25 09:30:38.186415000
"a0c45cba-2ed8-402b-a759-4c139260254f","TDD에 대해서 어떻게 생각하나요?","be","admin","",16/04/25 09:30:38.186415000
"a77751a5-58dd-45ec-bdda-bb1f33c9bd36","테스트 커버리지에 대해서 어떻게 생각하나요?","be","admin","",16/04/25 09:30:38.186415000
"5c101871-f1ed-4efd-9709-6df689a175d2","클라우드 서비스를 이용해 인프라를 구축해보았다면 설명해주세요.","be","admin","",16/04/25 09:30:38.186415000
"761fe688-ab48-4bbc-b1d7-f71e2994a332","로드 밸런서에 대해서 설명해주세요.","be","admin","",16/04/25 09:30:38.186415000
"2b70ec29-83f9-424c-868c-6b7859da463a","리버스 프록시에 대해서 설명해주세요.","be","admin","",16/04/25 09:30:38.186415000
"72fd63e5-128c-42f5-9798-894b10c209e2","Fault-tolerant(무정지) 시스템으로 가기 위해 필요한 방법에 대한 생각을 말해주세요.","be","admin","",16/04/25 09:30:38.186415000
"22aa26a3-95a7-4667-b3b0-ee456432d35e","Docker란 무엇이고 컨테이너 가상화를 왜 사용할까요?","be","admin","",16/04/25 09:30:38.186415000
"84a95756-b455-462f-893a-29157caa54c4","컨테이너 환경에서의 디버깅은 어떤식으로 하며 상대적으로 어려운 점은 무엇인가요?","be","admin","",16/04/25 09:30:38.186415000
"00802f97-56e5-4ebd-8c8d-ad623fe6c8e1","CI/CD가 무엇인가요?","be","admin","",16/04/25 09:30:38.186415000
"a6da47a8-0e84-47a8-b3c1-734b0157c7a2","CI/CD의 장점에 대해 설명해주세요.","be","admin","",16/04/25 09:30:38.186415000
"928ffdaf-d97f-4a01-98eb-1ffbf8024e99","DevOps가 무엇인지 설명해주세요.","be","admin","",16/04/25 09:30:38.186415000
"562afd1f-3dfa-448a-9f91-b731187458ca","protobuf에 대해서 알고계신가요? 이것은 왜 사용할까요?","be","admin","",16/04/25 09:30:38.186415000
